"Variable","Valid_Before","Valid_After","Values_Removed","Removal_Rate","NA_Before","NA_After","NA_Increase","Mean_Before","Mean_After","Mean_Change_Pct"
"Ransom",375263,360150,15113,4.03,217502,232615,15113,9.90014244064974,9.90014244064974,0
"DownTime",559700,544587,15113,2.7,33065,48178,15113,12.3680109881579,12.3680109881579,0
"Loss",546171,531058,15113,2.77,46594,61707,15113,13265.473627101,13265.473627101,0
