"Variable","Stage","Mean","Median","Max","NA_Percent","Outliers"
"Loss","Before",495893.456624504,11434.86,1e+09,6.3,263
"Loss","After",12854.8445366927,10316.8,144741.59,0,0
"DownTime","Before",20.3064926264293,6,9999,0.4,1113
"DownTime","After",12.878629811156,6,50,0,0
"Ransom","Before",198.441241505728,8.785,3000,27.6593591052103,53722
"Ransom","After",10.0934768091258,7.07,94.9,37.501539395882,0
