"Variable","Valid_Before","Valid_After","Values_Removed","Removal_Rate","Min_Before","Min_After","Max_Before","Max_After","Mean_Before","Mean_After","Mean_Change_Pct"
"Ransom",428810,374372,54438,12.7,0.07,0.35,3000,94.97,198.441241505728,11.5225267648222,-94.19
"DownTime",590285,559350,30935,5.24,-5,0,9999,50,20.3064926264293,12.1821381960793,-40.01
"Loss",555551,545301,10250,1.85,-99999999,31,1e+09,144741.59,443439.672373307,14572.822536388,-96.71
